,mean_fit_time,std_fit_time,mean_score_time,std_score_time,param_n_estimators,params,split0_test_r2,split1_test_r2,split2_test_r2,split3_test_r2,split4_test_r2,mean_test_r2,std_test_r2,rank_test_r2,split0_test_kl-divergence,split1_test_kl-divergence,split2_test_kl-divergence,split3_test_kl-divergence,split4_test_kl-divergence,mean_test_kl-divergence,std_test_kl-divergence,rank_test_kl-divergence,split0_test_js-divergence,split1_test_js-divergence,split2_test_js-divergence,split3_test_js-divergence,split4_test_js-divergence,mean_test_js-divergence,std_test_js-divergence,rank_test_js-divergence
0,24.103375244140626,0.12790311573030605,0.03208580017089844,0.0050500519762419534,50,{'n_estimators': 50},0.7929736202936427,0.7851668793073672,0.8019210240163943,0.7575363837520643,0.821238507345927,0.7917672829430791,0.020920930012645438,1,-0.06572251954052749,-0.04594132247255607,-0.05279264723466686,-0.06606776140042803,-0.05924258648925022,-0.05795336742748573,0.007730296977487216,1,-0.006921070723557178,-0.006593187083255659,-0.006187014771211197,-0.008747717706285175,-0.007457442899154939,-0.00718128663669283,0.0008868053366744707,1
